<?xml version="1.0" encoding="UTF-8"?><?xml-stylesheet type='text/xsl' href='_UpgradeReport_Files/UpgradeReport.xslt'?><UpgradeLog>
<Properties><Property Name="Solution" Value="PersiaWebFormSample">
</Property><Property Name="Solution File" Value="D:\Projects\Persia .NET\PersiaWebFormSample\PersiaWebFormSample.sln">
</Property><Property Name="Date" Value="Wednesday, February 08, 2006">
</Property><Property Name="Time" Value="19:42 PM">
</Property></Properties><Event ErrorLevel="0" Project="" Source="PersiaWebFormSample.sln" Description="Solution converted successfully">
</Event><Event ErrorLevel="3" Project="" Source="PersiaWebFormSample.sln" Description="Converted">
</Event><Event ErrorLevel="1" Project="PersiaWebFormSample.csproj" Source=" PersiaWebFormSample.csproj:(Warning List)" Description="Warning: 'Referencepath' settings have not been converted.&#xA;">
</Event><Event ErrorLevel="0" Project="PersiaWebFormSample.csproj" Source="PersiaWebFormSample.csproj" Description="Converted.&#xA;There may be some unresolved conversion issues you will need to manually fix. For more information, please refer to http://go.microsoft.com/fwlink/?LinkId=46995 or search for the help topic &quot;Converting from Visual Studio .NET 2002 or 2003&quot;.">
</Event><Event ErrorLevel="3" Project="PersiaWebFormSample.csproj" Source="PersiaWebFormSample.csproj" Description="Converted">
</Event></UpgradeLog>